,seg,x_mean,y_mean,z_mean,x_std,y_std,z_std,x_max,y_max,z_max,x_min,y_min,z_min,g_max,gmin
0,0,-77561.9243529455,-24213.2580812382,13785.2366793794,564.3325388835,271.1654662408,74.1318166466,-77452,-24161,13912,-81192,-26037,13010,1.5700000525,1.5700000525
1,1,-141080.379851214,-40709.2785695079,-16997.8316751815,10684.4535330213,7263.722088998,7372.8169329102,-105646,-31056,3923,-164251,-57891,-34764,1.5700000525,1.307000041
2,2,-153705.055052985,-52229.7707417937,-24630.1902300336,13183.0672139512,2640.5067194085,1820.5104216667,-121424,-46745,-21586,-164221,-56316,-28231,1.3059999943,0.1140000001
3,3,-112854.406931247,-38824.9918949134,8810.3979877026,2242.5629847342,4533.4074776612,27861.5789182345,-109052,-34252,42936,-121403,-46752,-28206,0.1140000001,0.1140000001
4,4,-109007.885066022,-32555.6122373071,60668.9300725312,1180.7265646896,1587.8694712683,8266.7211622928,-106675,-30268,68058,-111066,-35392,42936,0.5839999914,0.1140000001
5,5,-102278.206373293,-29942.684370258,53444.8523014669,3516.8851344568,291.4757343524,8845.3211796008,-99372,-29345,67699,-108953,-30558,45238,0.5879999995,0.5839999914
6,6,-99401,-29883,45816,0,0,0,-99401,-29883,45816,-99401,-29883,45816,0.5879999995,0.5879999995
