,seg,x_mean,y_mean,z_mean,x_std,y_std,z_std,x_max,y_max,z_max,x_min,y_min,z_min,g_max,gmin
0,0,-77646.3370455978,-24216.9661693633,13803.5915108216,533.7134777726,154.7264038386,30.3674004085,-77452,-24161,13926,-79313,-24700,13793,1.5700000525,1.5700000525
1,1,-139762.610237706,-51455.430386115,-19007.4452270155,18714.8824332103,7889.6266546488,7369.4709525839,-95618,-27031,-2320,-166778,-58460,-34166,1.5700000525,1.4259999991
2,2,-162231.300090117,-55319.5346951036,-15594.0366476419,9118.9419745779,2302.0937371706,954.725128375,-134067,-49641,-14267,-168107,-58155,-18067,1.4259999991,0.25
3,3,-115438.097960445,-48688.706736712,-15226.0794190358,5838.5484736125,916.8594871224,6233.4659558054,-109739,-46015,9098,-134067,-49647,-18382,0.25,0.25
4,4,-105909.31924825,-46361.6445154158,66572.701879376,4800.7571432706,1677.8552525541,21629.1627901886,-97889,-43270,83677,-116357,-49933,9149,0.7910000086,0.25
5,5,-112516.071829737,-42347.4466449897,70394.2876145433,9985.5243895739,2091.4203189868,4326.5209987303,-81606,-36207,76293,-117705,-43734,59819,1.1759999991,0.7919999957
6,6,-82524.6241393277,-36619.9496422303,58239.8945592008,365.1409062403,157.2985208277,378.6223606008,-81146,-36048,59825,-82655,-36672,58117,1.1759999991,1.1759999991
