,seg,x_mean,y_mean,z_mean,x_std,y_std,z_std,x_max,y_max,z_max,x_min,y_min,z_min,g_max,gmin
0,0,-77586.7174362509,-24279.3845623708,13802.177808408,471.7876593914,413.4130555799,32.1896636974,-77452,-24161,13969,-80012,-26400,13793,1.5700000525,1.5700000525
1,1,-140364.952352171,-47542.8270373728,-18629.7873476378,18324.022983456,7124.1358883686,5353.2930093476,-99137,-31596,-2806,-165294,-55822,-30170,1.5700000525,0.8550000191
2,2,-162396.885455156,-53777.1672824992,-16964.5125965737,4405.3200261424,1683.4882403078,651.186186152,-144835,-48827,-14408,-165346,-55410,-17637,0.8550000191,0.2129999995
3,3,-112350.399052949,-46195.1661644425,-13843.1368919501,9828.0002991418,655.5212021221,262.091674481,-104327,-45499,-13552,-144686,-48806,-14397,0.2129999995,0.2129999995
4,4,-104827.220143707,-42268.6631565907,42602.2024281467,3439.0930261326,2442.3332294564,29887.9491516892,-101528,-40076,64193,-111250,-45989,-13835,0.6370000243,0.2129999995
5,5,-89547.9757100149,-35036.0340059791,52974.8161434978,19329.5091792419,5568.3518135975,9354.7446379489,-61740,-26994,62934,-107955,-40924,37965,1.3739999533,0.6370000243
6,6,-88333.8263064133,-31405.5843230404,20945.5733372922,4143.1468828,934.1906636108,3196.8543878946,-65464,-27065,37965,-89379,-31651,20127,1.3739999533,1.3739999533
