,seg,x_mean,y_mean,z_mean,x_std,y_std,z_std,x_max,y_max,z_max,x_min,y_min,z_min,g_max,gmin
0,0,-80881.1368869936,-26415.3509594883,11268.6978678038,335.5737924429,125.8462614394,231.3762472208,-80750,-25982,12160,-82333,-26536,10243,1.5700000525,1.5700000525
1,1,-128595.048346377,-39242.7411007321,-13065.2755617268,19821.5010607229,6965.6191254299,5091.0392219254,-91456,-26039,667,-156088,-45958,-19743,1.5700000525,1.5700000525
2,2,-156162.498687664,-45755.7937007874,-13744.137007874,1721.5033647296,626.1223413296,428.13658149,-145586,-43054,-13168,-157125,-46229,-15356,1.5700000525,0.3899999857
3,3,-108460.422564103,-37710.5521367521,-10626.4676923077,11564.3822890704,1889.909766516,9894.1314844986,-99889,-33873,24792,-145468,-43059,-15965,0.3899999857,0.3899999857
4,4,-102955.939370916,-37756.6347059717,51706.5939826774,2157.1877876096,1047.014563171,11510.8666067927,-100248,-35056,61912,-107224,-39878,24838,0.9520000219,0.3899999857
5,5,-93658.4763824885,-33844.6111751152,53646.1330645161,13114.1505584334,4010.2033169367,6178.4249838658,-74688,-28302,60324,-107275,-38378,44587,1.0410000086,0.9520000219
6,6,-80964.6811289946,-27119.66689993,41703.8490786098,1812.3383992278,421.5116410318,1010.9538862157,-74982,-26963,44640,-81622,-28341,41328,1.0410000086,1.0410000086
